customer_id,name,signup_date,region
1001,David Garcia,2022-11-28,North
1002,Richard Brown,2024-01-16,South
1003,Ashley Garcia,2024-11-14,North
1004,Elizabeth Smith,2023-04-30,West
1005,Nathan Mcdonald,2023-11-01,West
1006,Donald Gomez,2025-04-27,East
1007,Edward Crawford,2023-05-12,North
1008,Patrick Hammond,2024-09-02,East
1009,Judy Simpson,2023-12-05,East
1010,Kristin Bradley,2023-07-12,East
1011,Denise Owen,2023-05-04,South
1012,Amber Huffman,2025-01-31,West
1013,Robert Huber,2024-10-10,West
1014,James Collins,2023-11-12,South
1015,Elizabeth Hernandez,2024-11-28,West
1016,Jason Stewart,2025-04-17,East
1017,Dennis Gonzales,2025-10-31,West
1018,Lee Jarvis,2024-09-25,South
1019,Dr. Christopher Wilson,2025-04-29,South
1020,Randy Davis,2023-10-05,South
1021,Anna Hanson,2023-09-18,East
1022,John Lopez,2023-08-30,East
1023,Matthew Rodriguez,2025-02-10,South
1024,Kelly Mcclain,2023-02-09,West
1025,Joseph Smith,2024-08-03,East
1026,Emily Montgomery,2023-12-30,West
1027,Robert Weber,2025-08-13,East
1028,Derek Rodriguez,2025-09-25,North
1029,Jessica Alvarez,2023-01-29,East
1030,Andrea Mckay,2024-08-28,East
1031,Kevin Fisher,2025-10-27,East
1032,Kenneth Stewart,2023-04-14,West
1033,Monica Cox,2025-02-25,North
1034,Leslie Tate,2024-11-22,East
1035,Ian Miller,2024-03-03,South
1036,Michelle Schwartz,2024-10-17,East
1037,James Fisher,2025-07-05,North
1038,Peter Perry,2023-10-12,North
1039,Melissa Taylor,2022-11-12,West
1040,Martin Sanchez,2023-09-29,North
1041,Matthew James,2023-03-25,North
1042,William David,2022-12-27,West
1043,Yvonne Olsen,2023-04-19,North
1044,Susan Jimenez,2023-02-11,North
1045,Craig Wells,2022-12-26,North
1046,Danny Hawkins,2024-01-28,South
1047,Kelly Morris,2025-05-09,East
1048,Manuel Mcconnell,2023-03-26,West
1049,Diana Cook,2024-02-24,East
1050,Ronnie Roy,2023-02-08,West
1051,Megan Gomez,2025-10-21,North
1052,Cathy Brown,2023-06-05,West
1053,Aaron Randolph,2025-08-24,West
1054,Gabriel Bailey,2023-08-23,North
1055,Oscar Robinson,2025-03-10,North
1056,Andrea Hoffman,2025-01-07,East
1057,,2024-03-20,South
1058,Yvonne Thomas,2023-03-15,South
1059,Mary Hall,2024-11-17,East
1060,Benjamin Rodriguez,2023-07-23,West
1061,Sheena Williams,2023-12-17,North
1062,Arthur Norman,2025-07-26,North
1063,Katherine Ward,2023-05-24,North
1064,Juan Reyes,2024-01-26,North
1065,Gregory Davis,2024-01-25,West
1066,Natalie Costa,2023-12-27,South
1067,Melinda Pena,2025-02-08,East
1068,Nancy Walton,2024-07-29,South
1069,Jose Hall,2023-06-29,West
1070,Robert Johnson,2023-10-08,North
1071,Terrence Winters,2025-05-21,West
1072,Frances Riggs,2024-04-10,North
1073,Connor Robinson,2024-05-10,South
1074,Jose Brooks,2024-08-12,West
1075,Michael Kelly,2023-04-29,East
1076,Donald Smith,2025-10-29,East
1077,Paul Jones,2023-05-29,East
1078,Albert Murphy,2023-11-13,West
1079,Robert Hill,2024-05-14,South
1080,Jack Williams,2023-08-11,West
1081,Jocelyn Steele,2025-08-19,South
1082,Paul Weber,2025-06-26,North
1083,Hunter Reyes,2024-06-03,East
1084,Kristin Nolan,2023-08-27,South
1085,Scott Harrington,2023-06-29,West
1086,Jonathan Thompson,2025-03-23,East
1087,Cynthia Wells,2023-09-21,West
1088,Monica Thompson,2023-04-03,East
1089,Angela Gonzalez,2022-12-30,East
1090,Catherine Ford,2024-09-05,South
1091,Edgar Jackson,2023-09-28,West
1092,Reginald Kennedy,2025-03-04,South
1093,Jacob Smith,2025-07-02,East
1094,Jimmy Williams,2025-07-09,South
1095,Marc Flores,2024-07-19,North
1096,David Schultz,2025-11-07,West
1097,Karen Clay,2024-07-20,North
1098,Jonathan Cline,2024-06-12,North
1099,Belinda Mullen,2025-10-09,North
1100,Melissa Peterson,2025-03-20,East
1101,Pamela Farrell,2025-03-05,West
1102,Luke Wilson,2024-12-01,North
1103,Jordan Bennett,2024-09-17,West
1104,Rebecca Miller,2024-08-31,North
1105,Tracy Kline,2023-01-14,North
1106,Renee Sweeney,2023-06-27,North
1107,James Foster,2025-06-08,West
1108,Melissa Romero,2024-03-01,West
1109,Anthony Williams,2025-09-19,South
1110,Christina Davis,2023-06-10,South
1111,Brandi Clark,2024-12-28,South
1112,Sara Taylor,2023-04-10,North
1113,Russell Henderson,2023-02-11,East
1114,Matthew Reid,2023-07-30,South
1115,Christopher Dunlap,2023-10-09,East
1116,Brian Mills MD,2023-11-10,South
1117,Kendra Bauer PhD,2025-02-03,East
1118,Elizabeth Douglas,2025-02-21,East
1119,Megan Taylor,2023-09-26,East
1120,Wendy Fitzpatrick,2024-07-07,East
1121,Erica Oliver,2023-04-02,East
1122,Noah Martin,2023-06-17,South
1123,Andrew Price,2025-07-13,West
1124,Natasha Garcia,2024-12-31,East
1125,William Bell,2025-07-22,West
1126,Rebecca Bowers,2023-07-01,West
1127,Christopher Walters,2025-09-26,East
1128,William Williams,2023-12-15,South
1129,John Luna,2023-10-04,North
1130,Jane Rios,2025-01-05,West
1131,Kevin Webb,2024-07-14,East
1132,Kimberly Moran,2024-10-14,North
1133,Andrea Martinez,2024-02-15,West
1134,Phillip Williams,2023-10-25,North
1135,Nathan Gentry,2023-06-26,South
1136,Matthew Thomas,2023-07-05,West
1137,Cindy Olson,2023-10-01,East
1138,Matthew Mills,2025-09-02,South
1139,Daniel Myers,2023-08-06,North
1140,,2024-08-10,East
1141,Emily Duffy,2024-08-04,West
1142,Jennifer Clark,NULL,North
1143,Allison Larson,2025-08-02,East
1144,Dillon Rivera,2025-06-09,North
1145,Brandon Bailey,2024-04-22,East
1146,Robert Johnson,2024-06-17,North
1147,Kerry Page,2025-06-02,West
1148,Dominique Taylor,2025-01-05,West
1149,Steven Nelson,2025-01-26,West
1150,David Fry,2025-07-20,East
1151,Megan May,2023-07-21,East
1152,Eric Elliott,2025-01-09,East
1153,Marc Collins,2025-03-14,South
1154,Timothy Jacobson,2023-07-12,South
1155,Jessica Barry,2024-07-01,North
1156,Paul Sampson,2023-03-11,South
1157,Joshua Jackson,2025-09-01,North
1158,Andrew Wright,2024-01-13,North
1159,Christopher Carter,2024-09-13,East
1160,Sherry Rodriguez PhD,2023-11-10,North
1161,Sean Young,2024-10-07,West
1162,Jennifer Gonzales,2024-06-09,South
1163,Lisa Camacho,2024-03-23,North
1164,Miss Natalie White,2023-12-16,North
1165,,2024-02-29,North
1166,Jacob Carr,2025-03-29,South
1167,Julie Lawson,2024-03-11,East
1168,John Jackson,2023-10-10,North
1169,Andrea Blackwell MD,2024-02-29,North
1170,Danielle Carter,2024-06-26,East
1171,Alicia Gilmore,2023-12-07,West
1172,Kimberly Chandler,2025-05-14,East
1173,Melissa Reed,2025-01-19,North
1174,Darlene Williams,2024-06-29,South
1175,Jacob Boyd,2022-11-28,North
1176,Christopher Santana,2023-02-11,South
1177,Ryan Keller,2025-07-26,South
1178,Peter George,2023-05-16,North
1179,John Williams,2022-12-21,West
1180,Richard Ross,2022-12-18,West
1181,Leslie Fuller,2025-09-26,East
1182,Amy Robinson,2025-08-17,West
1183,Kyle Holloway,2025-02-07,North
1184,Paul Martinez,2023-04-22,West
1185,Michelle Garcia,2024-10-30,North
1186,Melanie Fitzgerald,2023-10-05,South
1187,John Roberts,2024-02-23,North
1188,Cristina Jenkins,2024-05-17,North
1189,Carol Rodriguez,2022-11-22,West
1190,Scott Paul,2025-01-11,West
1191,Meghan Mills,2024-02-11,West
1192,Johnny Good,2023-10-20,West
1193,Alyssa Thompson,2022-12-12,South
1194,Amanda Myers,2023-02-08,South
1195,Benjamin Thomas,2024-02-04,South
1196,David Taylor,2023-07-25,West
1197,Emma Lewis,2023-05-23,East
1198,Hannah Richardson,2024-07-16,North
1199,Christopher Suarez,2023-12-26,North
1200,Tyler Ortiz,2024-11-03,South
1201,Benjamin Rocha,2023-10-19,West
1202,Michael Murphy,2023-05-27,North
1203,Andrew Sutton,2024-05-21,North
1204,Christopher Miller,2024-08-24,North
1205,Mary Rogers,2024-03-08,East
1206,Jonathan Palmer,2023-07-09,West
1207,Christopher Malone,2025-06-28,North
1208,Cynthia Dougherty,2025-08-20,South
1209,Blake Mckee,2023-12-07,South
1210,Sandra Williams,2023-05-06,South
1211,Audrey Sosa,2023-04-26,South
1212,Corey Garcia,2024-08-19,South
1213,Michael Lucas,2024-05-03,East
1214,Harold Harris,2024-01-23,North
1215,Charles Barnes,2025-03-31,West
1216,Regina Wells,2025-02-02,North
1217,Karen Byrd,2022-12-08,North
1218,Glenn Taylor,2025-10-04,North
1219,Lisa Scott,2025-03-07,East
1220,,2023-05-24,West
1221,Ian Anderson,2023-02-26,West
1222,Kimberly Lee,2023-12-27,East
1223,Kenneth Wilson,2022-11-14,North
1224,Martha Turner,2022-12-19,West
1225,Robert Wiggins,2025-03-12,West
1226,Jennifer Harris,2023-03-27,North
1227,William Fischer,2023-06-15,North
1228,Brian Ortiz,2024-05-01,South
1229,Ryan Grant,2024-03-02,North
1230,Laura Anderson,2025-05-12,South
1231,Ashley Sullivan,2023-02-07,South
1232,Crystal Johnson,2023-05-23,West
1233,Angel Garrett,2024-07-30,North
1234,Anthony Williams,2023-02-05,North
1235,John Shaffer,2022-11-10,East
1236,Richard Lambert,2023-03-17,South
1237,Nicole Callahan,2025-09-03,East
1238,Jennifer Grant,2024-09-10,North
1239,Scott Martin,2022-12-13,South
1240,Sarah Smith,2024-11-16,East
1241,Mike Williams,2023-09-28,East
1242,Sue Conway MD,2025-03-07,North
1243,Tracy Dillon,2022-12-22,South
1244,Daniel Wise,2024-06-18,East
1245,Tiffany Ortiz,2023-10-26,South
1246,Sherri Martin,2025-09-11,South
1247,Amber Mcgee,2023-06-05,North
1248,Steven Wolfe,2024-03-01,West
1249,Jason Price,2024-08-23,North
1250,Shaun Horton,2024-03-25,North
1251,Debbie Berger,2025-10-27,East
1252,Linda Jones,2022-11-14,South
1253,Rebecca Sawyer,2022-11-15,South
1254,Megan Velasquez,2025-06-20,East
1255,Brittany Coleman,2025-07-12,South
1256,Douglas Flowers,2023-01-04,East
1257,Alicia Zuniga,2023-07-30,South
1258,Whitney Gregory,2024-08-24,North
1259,Michael Rosales,2024-08-13,North
1260,Miranda Hart,2023-02-04,East
1261,Donna Greer,2025-04-12,East
1262,Gloria Oneill,2024-04-10,East
1263,Rodney Jones,2022-12-22,South
1264,Calvin Palmer,2024-10-28,South
1265,Kayla Stevenson,2024-06-10,North
1266,Allison Estes,2025-10-01,North
1267,Dr. Gregory Meyer,2024-12-20,East
1268,Derek Gaines,2025-04-16,South
1269,Thomas Atkinson,2023-06-09,East
1270,Anthony Sanchez,2023-10-17,West
1271,Monica Andrade,2025-05-30,North
1272,Brandon Newton,2024-04-16,East
1273,Justin Brown,2023-10-24,West
1274,Cassie Williams,2023-10-28,East
1275,Christopher Thompson,2024-09-08,North
1276,Steven Willis,2024-09-11,East
1277,Joseph Joseph,2025-09-23,East
1278,Kara Gray,2025-10-04,South
1279,Angelica Simmons,2024-03-30,West
1280,Alisha Johnson,2024-09-20,North
1281,Julian Wallace,2023-06-11,West
1282,Kimberly Doyle,2023-06-26,South
1283,Daniel Drake,2025-09-22,West
1284,Nancy Moore,2024-01-28,West
1285,Amanda Andrews,2025-01-16,West
1286,Raymond Collins,2023-03-29,South
1287,Stephanie Barr,2024-12-24,West
1288,Albert Butler,2024-02-08,East
1289,Jerome Esparza,2023-10-07,North
1290,Amber Stokes,2023-04-03,South
1291,Felicia Ray,2023-07-07,East
1292,David Hunter,2025-10-12,North
1293,Tyler Figueroa MD,2024-03-19,South
1294,William Stewart,2023-05-09,West
1295,Lisa Mayer,2024-12-09,North
1296,Travis Nelson,2024-01-11,South
1297,Eric Sanchez,2025-08-17,East
1298,Kayla Evans,2025-06-09,East
1299,Jermaine Wilson,2023-06-10,North
1300,Jacqueline Rowe,2025-10-20,West
1301,William Gilbert,2024-01-17,West
1302,Andrea Rivera,2025-07-15,West
1303,Amy Peters,2023-03-14,East
1304,Kelly Macias,2023-04-18,South
1305,Alvin Webb,2025-04-07,South
1306,Lisa Richards,2024-06-22,West
1307,Andrew Callahan,2022-12-20,North
1308,Kimberly Harris,2025-10-26,North
1309,Holly Davila,2024-12-19,North
1310,Kelly Haley,2024-09-07,West
1311,Larry Gonzales,2023-08-20,West
1312,Jacob Macdonald,2024-10-04,South
1313,Daniel Galvan,2023-10-27,North
1314,Shawn Sullivan,2023-11-30,South
1315,Norman Gray,2025-01-29,North
1316,Julie Hansen,2025-05-23,West
1317,Mario Estrada,2023-10-16,South
1318,Jessica Clark,2023-07-15,West
1319,Elizabeth Mcconnell,2024-11-04,East
1320,Jonathan Richards,2024-08-22,North
1321,Riley Burke,2024-05-29,West
1322,Courtney Howell,2025-03-03,West
1323,Jonathan Morgan,2024-02-09,South
1324,Gary Carrillo,2023-10-22,North
1325,Angie Hancock,2023-07-25,West
1326,Arthur Willis,2024-03-03,West
1327,Lauren Davis,2024-04-13,North
1328,Robert Jones,2025-06-03,East
1329,David Hernandez,2023-01-10,South
1330,Jacob Jimenez,2025-06-29,East
1331,Debra Figueroa,2024-12-21,West
1332,Nicholas Howard,2025-11-07,West
1333,Christina Brown,2023-04-20,West
1334,Catherine Woodward,2023-11-05,North
1335,Tina Griffin,2023-11-21,East
1336,Valerie Clark,2025-01-05,West
1337,Jennifer Kaiser,2022-12-14,South
1338,Amy Phillips,2023-12-20,North
1339,Timothy Berger,2023-05-26,East
1340,Marilyn Becker,2024-10-12,North
1341,Maria Moore,2025-02-04,South
1342,Timothy Miller,2024-12-24,North
1343,Joseph Gonzalez,2023-07-13,East
1344,Michael Huffman,2025-08-04,South
1345,Andrea Chavez,2024-05-21,South
1346,Kenneth Sullivan,2025-10-30,West
1347,Ryan Jones,2022-12-12,East
1348,Kristina Finley,2025-02-02,South
1349,Travis Anderson,2023-07-19,West
1350,Joseph Johnson MD,2025-03-13,West
1351,Mary Shelton,2025-07-09,South
1352,Ashley Hall,2023-07-17,North
1353,Kyle David,2024-05-26,East
1354,Tracie Davis,2024-06-17,South
1355,Micheal Lee,2024-07-21,South
1356,Stephanie Bailey,2023-07-23,North
1357,Tara Hunter,2023-10-07,North
1358,Misty Jones,2025-06-22,West
1359,Mary Evans,2023-09-11,West
1360,James Williams,2024-02-06,East
1361,Jordan Mitchell,2022-12-15,West
1362,Jonathon Pitts,2025-03-03,South
1363,Jacob Mcdaniel,2024-10-26,South
1364,William Collins,2025-08-13,South
1365,Kaylee Thompson,2023-01-01,East
1366,James Castillo,2023-04-27,North
1367,Alex Lopez,2024-09-21,East
1368,Taylor Gordon,2024-09-29,East
1369,Gabrielle Sanders,2023-05-29,West
1370,Brandon Valencia,2025-02-08,East
1371,Jessica Carr,2023-05-27,East
1372,Anne Schwartz,2023-01-08,South
1373,Oscar Collins,2022-12-01,North
1374,Ann White,2023-11-18,North
1375,Julia Bennett,2023-09-15,West
1376,Edwin Pittman,2024-07-07,North
1377,Patricia Cook,2024-11-05,East
1378,Kristina Shaw,2024-03-13,South
1379,Adam Nelson,2023-02-18,East
1380,Denise Yang,2025-11-04,South
1381,Vincent Jones,2024-04-01,North
1382,Mark Green,2023-09-28,North
1383,Joseph Myers,2025-05-27,East
1384,Mr. Luke Williamson,2025-06-05,East
1385,James Rodriguez,2024-04-29,North
1386,Tiffany Pena,2024-03-25,South
1387,Erin Hopkins,2022-11-28,South
1388,Roger Long,2023-04-29,North
1389,Michelle Reyes,2025-09-16,North
1390,Keith Reed,2024-12-21,South
1391,Lisa Johnson,2025-08-19,South
1392,Latasha Lane,2024-08-08,South
1393,Kimberly Tanner,2024-01-21,East
1394,Andrew Gordon,2023-04-08,South
1395,Joseph Robinson,2025-08-31,South
1396,Jason Hall,2025-01-10,East
1397,Elaine Henson,2023-03-09,West
1398,James Kelley,2023-01-14,East
1399,Robert Richardson,2025-02-26,North
1400,Christopher Herman,2025-05-19,North
1401,Jenny Wang,2025-10-01,East
1402,Tracey Haas,2023-01-18,South
1403,Jessica Stewart,2024-08-24,North
1404,Mark Obrien,2024-08-08,South
1405,Thomas Rios,2025-04-05,West
1406,Michael Ferguson,2025-06-03,South
1407,Kathleen Contreras,2023-05-28,South
1408,Dennis Jones,2023-09-15,North
1409,Leah Morgan,2024-07-05,East
1410,Mark Dunn,2024-01-27,South
1411,Kimberly Watson,2025-06-08,South
1412,Alicia Gomez,2024-08-30,East
1413,Matthew Rogers,2023-01-09,North
1414,Brandon Martinez,2025-11-02,North
1415,Eric Fitzpatrick,2023-10-10,West
1416,Ross Burton,2023-08-19,South
1417,John Fisher,2025-02-18,South
1418,Shawn Harrison,2023-12-14,West
1419,Andrew Wright,2023-04-11,North
1420,Cheryl Davis,2023-05-20,East
1421,Christina Peters DDS,2023-08-09,East
1422,Sandra Brown,2025-02-18,West
1423,Kimberly Evans,2024-08-09,South
1424,Anne Gonzales,2023-04-03,West
1425,Cynthia Rios,2023-09-14,South
1426,Jacob Cook,2023-12-12,South
1427,Jon Harmon,2023-04-30,West
1428,Austin Cortez,2023-01-31,West
1429,Julie Decker,2024-03-14,West
1430,April Miller,2023-03-31,South
1431,Christy Miller,2024-05-10,West
1432,Lisa Bryant,2025-09-15,South
1433,Travis Galloway,2023-11-28,West
1434,Robert Patel,2023-07-10,North
1435,John Schultz,2025-01-18,West
1436,Katherine Roberts,2025-06-13,East
1437,Katelyn Macias,2025-04-13,North
1438,Jennifer Walker,2023-02-13,North
1439,Karen Santiago,2024-05-31,North
1440,Jason Clark,2025-10-30,West
1441,Brandi Parker,2025-04-02,North
1442,Ronald Ward,2024-05-02,South
1443,Jamie Luna,2023-09-20,North
1444,Kimberly Anderson,2024-03-09,North
1445,James Fuentes,2024-05-28,North
1446,Eric Romero,2023-12-07,North
1447,Jade Lee,2023-04-29,North
1448,Laura Cardenas,2025-05-18,South
1449,Natalie Rice,2023-06-07,East
1450,Sonya Berger,2023-02-15,West
1451,Phillip Avery,2023-06-13,West
1452,Matthew Williams,2025-08-29,West
1453,Michael Mendoza II,2024-09-19,North
1454,Charles Edwards,2024-12-14,South
1455,Kimberly Johnson,2024-04-23,South
1456,Marie Lopez,2024-10-25,West
1457,Mathew Pearson,2023-12-04,North
1458,Travis Anderson,2024-08-17,South
1459,Anita Pacheco,2023-11-12,East
1460,Elizabeth Jones,2024-11-22,West
1461,Susan Bennett,2024-10-14,East
1462,William Williams,2024-09-17,South
1463,Jon Parker,2025-08-20,South
1464,Patrick Smith,2023-07-26,South
1465,Christina Harris,2024-12-27,West
1466,Eric Walker,2023-06-19,West
1467,Walter Morton,2024-12-27,North
1468,Cynthia Miller,2023-04-10,West
1469,Dennis Lucero,2023-09-07,East
1470,Holly Mullins,2024-07-05,East
1471,Sharon Ortiz,2025-03-26,West
1472,Glen Brown,2023-03-25,East
1473,Russell Davis,2025-03-30,South
1474,Patrick Andrews,2025-02-05,East
1475,Ronald Martin,2023-05-24,West
1476,Jennifer Martinez,2024-02-09,South
1477,Christopher Ferguson,2024-07-02,East
1478,Michael Turner,NULL,North
1479,Brianna Mejia,2022-12-07,East
1480,Heather Smith,2025-09-30,West
1481,Megan Ramsey,2023-08-29,West
1482,Amanda Navarro,2025-11-03,East
1483,Heather Peterson,2025-02-15,South
1484,Amanda Vasquez,2025-11-02,North
1485,Rebecca Hammond,2024-09-22,South
1486,Derek Obrien,2024-02-23,West
1487,Dana Koch,NULL,West
1488,Larry Houston,2024-10-19,North
1489,Rachel Hunt,2025-10-19,West
1490,Ronald Hernandez,2023-03-20,South
1491,Hunter Bennett,2024-07-04,South
1492,Blake Hughes,2023-01-27,North
1493,Alyssa Baker,2023-05-07,West
1494,Michael Hardin,2025-05-05,East
1495,Chelsea King,2025-01-07,North
1496,David Burgess,2023-02-07,North
1497,Tara Yu,2025-09-17,South
1498,Alexandria Wilson,2024-01-24,East
1499,Selena Stuart,2023-04-23,South
1500,Lauren Hernandez,2025-04-04,East
1501,Peter Gardner,2024-08-29,West
1502,Susan Garza,2025-03-19,East
1503,Jessica Smith,2024-10-14,North
1504,Dana Robinson,2024-10-25,South
1505,Joseph Clay,2023-06-28,West
1506,Jennifer Robinson,2025-07-23,West
1507,Stacey Brennan,2025-08-02,North
1508,Barbara Reyes,2023-04-23,North
1509,Alice Christensen,2023-11-14,West
1510,Mrs. Crystal Brown MD,2025-04-02,West
1511,Crystal Anderson,2025-06-12,South
1512,Timothy Wood,2025-09-24,South
1513,Heather Rose,2024-12-05,South
1514,David Grant,2023-03-18,West
1515,Jennifer Guzman,2023-12-17,North
1516,Juan Smith,2023-07-28,West
1517,Brandon Davis,2025-04-30,West
1518,Robert Fox,2024-11-10,North
1519,Andrew Park,2023-01-15,West
1520,Jason Sellers,2023-05-18,East
1521,Alexis Morris,2023-02-16,West
1522,Dakota Silva,2025-09-06,West
1523,Cynthia Delacruz,2023-05-10,South
1524,Brian Martin,2024-07-25,West
1525,Luis Martin,2023-09-18,East
1526,Courtney Thompson,2024-09-21,West
1527,Shawn House,2024-05-26,South
1528,Shane Sutton,2024-04-29,West
1529,Amanda Mullen,2025-09-30,West
1530,Alyssa Newman,2025-10-21,South
1531,Alexandra Sandoval,2025-02-15,South
1532,Cody Rasmussen,2024-05-11,South
1533,David Garcia,2023-11-27,East
1534,Michelle Clark,2024-10-15,West
1535,Heidi Riley,2025-04-15,West
1536,Felicia Delgado,2024-02-24,East
1537,,2025-03-28,South
1538,Amy Zavala,2023-06-23,West
1539,Laura Prince,2025-10-25,West
1540,Jennifer Simpson,2022-12-21,South
1541,Jonathan Hall,2024-04-07,South
1542,Joanna Mendoza,2025-09-12,South
1543,Patricia Perez,2023-05-08,North
1544,Robert Cuevas,2023-12-31,East
1545,Monica Walker,2023-05-13,North
1546,Christopher Graham,2025-08-05,South
1547,Jamie King,2023-01-20,West
1548,Leslie Haley,2025-07-05,South
1549,Lisa Peterson,2025-07-08,East
1550,Lance Velazquez,2024-07-21,East
1551,William Schneider,2024-03-24,North
1552,Laura Ramirez,2023-06-19,West
1553,Jennifer Flores,2023-05-23,East
1554,Justin Davidson,2025-03-04,West
1555,George King,2024-07-22,North
1556,Heather Olsen,2025-07-25,East
1557,Jessica Cantrell,2023-07-26,South
1558,Joseph Wilkerson,2024-03-17,North
1559,Kyle Morrison,2023-05-08,North
1560,Emma Phillips,2024-12-17,West
1561,Rebecca Garcia,2024-05-07,South
1562,Seth Pierce,2024-12-11,East
1563,Charles Kennedy,2025-01-15,West
1564,Eric Jones,2023-10-05,East
1565,Monica Potter,2023-04-21,South
1566,Jennifer Taylor,2025-06-01,East
1567,Douglas Flores,2025-08-02,East
1568,Amy Franco,2023-03-30,East
1569,Chad Jones,2024-07-20,North
1570,Chad Acosta,2024-04-27,North
1571,Carla Wright,2024-02-26,South
1572,Dana Evans,2024-10-05,South
1573,Edward Taylor,2024-02-20,North
1574,Erik Briggs,2023-05-15,West
1575,Melissa Bond,2023-08-04,East
1576,Donna Cherry,2025-04-01,West
1577,Jason Thomas,2024-04-02,North
1578,John Wright,2024-11-10,South
1579,Dominique Scott,2023-07-14,North
1580,Melanie Chapman,2024-03-10,East
1581,Gary Hernandez,2024-12-17,West
1582,Laura Noble,2025-01-14,West
1583,Michael Vaughn,2023-03-19,South
1584,Amanda Brown,2023-07-19,West
1585,Susan Patterson,2024-04-04,East
1586,Stephen Smith,2024-06-13,West
1587,Laurie Jacobson,2023-03-01,West
1588,David Hill,2022-12-11,North
1589,Leonard Martinez,2024-05-01,East
1590,Olivia Smith,2023-11-24,East
1591,Samantha Garcia,2025-06-14,North
1592,Kelly Blair,2024-01-29,West
1593,Joe Wagner,2023-05-15,West
1594,Keith Sweeney,2025-06-15,West
1595,Helen Gibson,2024-07-02,North
1596,Tracey Russo,2025-08-17,South
1597,Erin Benton,2023-05-30,West
1598,Colin Mcgrath,2024-09-06,West
1599,Julie Lee,2025-10-09,North
1600,Samantha Nguyen,2024-04-08,South
1601,,2023-07-06,West
1602,Megan Herring,2023-06-24,South
1603,Eric Williams,2022-12-03,South
1604,Tammy Wright,2023-07-01,West
1605,Nicole Johnson,2024-10-24,East
1606,Caleb Collier,2025-10-31,East
1607,Daniel Krause,2022-12-21,South
1608,Philip Weber,2024-12-21,East
1609,Lisa Murphy,2024-01-07,West
1610,Robert Li,2025-07-10,South
1611,Bailey Barnett,2022-12-07,East
1612,Jasmine Hill,2024-05-20,West
1613,Joshua Montoya,2024-07-31,East
1614,William Ortega,2023-01-21,South
1615,Philip Reed,2023-12-24,East
1616,Jessica Thomas,2023-07-29,West
1617,Travis Lambert,2023-10-26,South
1618,Danny Smith,2025-03-08,West
1619,Jill Henderson,2024-01-17,South
1620,Timothy Ballard,2025-04-30,North
1621,Dale Welch,2024-09-25,West
1622,Jamie Contreras,2025-07-30,West
1623,Jennifer Grant,2023-02-05,North
1624,Sarah Rhodes,2023-01-07,South
1625,Daniel Howard,2023-06-28,West
1626,Elizabeth Anderson,2024-11-04,East
1627,Janet Jackson,2025-10-28,North
1628,Dana Sullivan,2025-05-15,North
1629,Brittney Hill,2024-02-17,North
1630,Mary Lawrence,2023-03-03,North
1631,Dana Ballard,2023-09-16,South
1632,Bonnie Hall,2024-05-03,South
1633,Michelle Thompson,2025-07-11,North
1634,Jacob Bennett,2025-09-06,East
1635,Mary Nash,2023-03-29,East
1636,Matthew Perkins,2024-03-28,West
1637,Andrew Peters,2023-12-27,North
1638,Regina Mendez,2023-01-30,West
1639,Courtney Torres,2023-05-09,East
1640,Daniel Mcdaniel,2025-06-26,South
1641,Shane Melton,2025-01-12,East
1642,Janice Gray,2023-11-28,South
1643,Grace Price,2024-09-17,North
1644,Julie Williams,2024-09-11,North
1645,Whitney Green,2024-04-29,South
1646,Tommy Saunders,2025-04-20,East
1647,Kevin Thompson,2024-04-21,East
1648,Johnny Beltran,2025-08-28,East
1649,Jonathan Mclaughlin,2025-07-31,South
1650,Elijah Cook,2025-08-14,East
1651,Nicholas Suarez,2023-09-11,South
1652,Anthony Collins,2022-12-08,East
1653,Valerie Anderson,2023-05-25,East
1654,Joshua Lynch,2023-10-16,West
1655,Matthew Wolfe,2023-05-14,East
1656,Natalie Beard,2023-10-09,North
1657,Mario Rogers Jr.,2025-05-15,South
1658,Christopher Andrews,2023-07-28,North
1659,Heather Kim,2023-04-14,East
1660,John Hinton,2023-03-13,East
1661,Allison Thomas,2025-03-12,East
1662,Justin Davis,2024-08-20,South
1663,Shannon Sanders,2025-09-21,East
1664,David Brown,2024-05-11,West
1665,Dana Diaz,2023-12-03,South
1666,Spencer Robinson,2024-08-10,South
1667,Christopher Bailey,2023-01-25,East
1668,Kristine Anderson,2025-03-21,East
1669,Samantha Dominguez,2025-07-02,West
1670,Angela Lewis,2025-09-22,South
1671,Dr. Brenda Buchanan DDS,2022-12-24,North
1672,Robert Anderson,2023-02-23,North
1673,Catherine Thompson,2025-06-07,South
1674,William Salazar,2022-11-20,West
1675,Steven Kline,2023-06-10,West
1676,,2024-01-21,East
1677,Vincent Snyder,2023-03-14,East
1678,Heather Burgess,2025-05-16,West
1679,Brent Patterson,2023-12-21,South
1680,Michelle Nielsen,2023-06-29,West
1681,Troy Smith,2024-06-24,North
1682,John Hall,2024-10-23,East
1683,Dakota Leach,2023-04-01,East
1684,Alexis Bush,2023-10-25,South
1685,Nathaniel Ewing,2024-11-20,East
1686,Sierra Williams,2025-04-17,North
1687,Timothy Barnett,2022-11-17,East
1688,Samantha Howell,2025-05-29,South
1689,Heather Pena,2024-01-15,North
1690,Francisco Perkins,2025-10-06,West
1691,Mark Baker,2023-12-11,East
1692,Catherine Howard,2023-11-01,West
1693,Jessica Kim,2023-10-02,West
1694,Brittany Martinez,2023-04-18,South
1695,Jason Wilson,2024-04-09,East
1696,Christy Fox,2023-12-04,South
1697,William Mendez,2024-04-05,East
1698,Richard Howard,2023-11-21,East
1699,Mrs. Angela Harris,2024-06-23,West
1700,Ellen Barrera,2024-02-16,West
1701,John Bridges,2024-06-22,East
1702,Jeffrey Peters,2025-07-01,West
1703,Caitlyn Thompson,2025-10-14,West
1704,Ryan Schultz,2023-08-07,East
1705,Michelle Mcdonald,2025-03-06,East
1706,Stephen Arroyo,2023-01-19,South
1707,William Brown,2023-04-25,South
1708,Joshua Jackson,2023-11-07,North
1709,Tonya Maddox,2023-02-08,North
1710,Larry Gonzalez,2023-05-24,South
1711,Mark Green,2024-09-30,North
1712,Gabriella Brown,2024-04-14,East
1713,Cindy Johnson,2024-10-30,North
1714,Mr. John Jensen PhD,2023-03-16,West
1715,Kim Henderson,2023-10-26,North
1716,Ashley Jackson,2024-01-26,West
1717,Samuel Guerrero,2024-07-12,West
1718,Brianna Cook,2023-04-21,West
1719,Adam Becker,2023-08-30,North
1720,Joshua Boyd,2023-06-12,West
1721,Dale Hayes,2024-06-27,East
1722,Aaron Wilson,2024-02-08,West
1723,John Bailey,2024-05-05,West
1724,James Crawford,2025-01-18,West
1725,Sharon Brown,2023-07-28,North
1726,Jessica Haas,2023-05-21,East
1727,Christopher Lyons,2023-01-22,West
1728,Scott Garcia,2023-09-27,South
1729,Victor Chen,2023-03-10,West
1730,Eduardo Murphy,2022-12-06,South
1731,Marc Smith,2024-01-13,East
1732,Alexis Sanchez,2024-02-28,North
1733,Kaylee Young,2023-06-18,East
1734,John Humphrey,2025-01-07,North
1735,Nathan Murray,2023-11-14,South
1736,Yvette Griffin,2024-11-14,East
1737,Stephen Dougherty,2023-02-07,North
1738,Paul Harris,2023-07-18,West
1739,Lauren Mayer,2024-06-01,South
1740,Ryan Dorsey,2025-09-27,West
1741,Jessica Williams,2025-04-07,North
1742,Linda Harris,2025-06-14,South
1743,Jackie Smith,2025-04-09,North
1744,Paul Cruz,2025-10-10,West
1745,Jason Alexander,2025-02-01,North
1746,Dr. David Watson,2025-09-02,West
1747,Joshua Gonzalez,2023-05-29,South
1748,Joseph Morrison,2023-02-22,East
1749,Lauren Frazier,2024-04-12,East
1750,Karen Smith,2025-08-26,South
1751,Adrian Martinez,2025-06-13,North
1752,Leroy Williams,2024-06-15,North
1753,Dr. David Warren,2023-06-01,South
1754,Benjamin Perez,2025-07-03,North
1755,Robert Smith,2024-05-25,West
1756,Brandon Mcgee,2024-12-18,South
1757,John Roman,2023-06-11,North
1758,William Rodriguez,2025-03-10,North
1759,Kristin Berger,2025-03-11,North
1760,Robert Meyer,2024-01-18,West
1761,Michelle Ward,2024-06-24,South
1762,Wendy Martinez,2023-01-14,South
1763,Lisa Holmes,2025-07-20,East
1764,Adam Keith,2023-03-02,East
1765,Debbie Livingston,2024-07-06,South
1766,Julie Smith,2024-01-13,East
1767,James Howard,2023-02-08,West
1768,Jeffrey Thomas,2022-11-28,East
1769,Elizabeth Gomez,2025-03-18,East
1770,Maria Fisher,2025-07-02,North
1771,Lisa Stuart,2024-03-02,West
1772,Karen Montoya,2022-11-12,North
1773,Jeremy Kennedy,2025-04-03,West
1774,Daniel Adams,2023-01-01,East
1775,Brittney Kirk,2024-01-16,West
1776,Tyler Peters,2025-01-17,East
1777,Richard Thompson,2023-07-21,West
1778,Jennifer Koch,2024-04-02,South
1779,Jennifer Moore,2023-07-15,West
1780,Autumn Monroe,2024-01-26,East
1781,Paul Patterson,2023-07-19,North
1782,Donald Wu,2023-02-25,South
1783,Sandra Cox,2023-01-10,West
1784,Robert Thompson,2024-04-28,South
1785,Corey Bright,2022-12-23,West
1786,Barry Davis,2023-03-31,North
1787,Christy Anderson,2023-11-18,South
1788,Cheyenne Ryan,2025-01-07,West
1789,Tammy Andrews,2025-06-25,South
1790,Allison Blankenship,2023-11-10,East
1791,Sheri Rodriguez DVM,2025-02-14,East
1792,Curtis Smith,2023-06-02,West
1793,Vanessa Brown,2025-05-31,North
1794,Jessica Keller,2025-01-10,South
1795,Emily Robbins,2025-07-09,West
1796,Erin Ramos,2025-07-27,East
1797,Matthew Santana,2025-03-16,East
1798,Daniel Davis,2023-07-15,North
1799,Monica Rodriguez,2024-04-01,East
1800,Frank Hamilton,2024-09-05,East
1801,Nicole Warren,2024-03-17,East
1802,Peter Crosby,2024-12-28,North
1803,Brenda Johnston,2025-02-06,North
1804,Micheal Mosley,NULL,West
1805,Christopher Cherry,2022-11-29,North
1806,Elizabeth Tucker,2024-09-18,West
1807,Stephanie Garcia,2024-04-25,East
1808,James Branch,2025-09-10,North
1809,Shawn Dennis,2025-06-21,West
1810,Ronald Moore,2025-05-31,East
1811,Christopher Shaw,2023-10-20,South
1812,James Sharp,2023-05-31,East
1813,,2024-05-30,North
1814,Betty Lee,2024-06-22,South
1815,Steven Carter,2024-07-30,North
1816,Logan Gibbs,2023-12-22,North
1817,Karen Hodge,2023-10-16,West
1818,David Strickland,2025-09-10,North
1819,,2023-09-17,South
1820,Christopher Wyatt,2024-07-07,West
1821,Joseph Daniel,2023-09-18,West
1822,Brenda King,2024-04-21,West
1823,Erica Potts,2025-09-07,East
1824,Noah Lopez,2024-09-20,East
1825,Chad Wright,2024-03-03,North
1826,Briana Williams,2024-03-29,South
1827,Nicholas Carter,2023-10-01,North
1828,Gregory Murphy,2024-03-05,North
1829,Jeffery Haley,2023-11-11,East
1830,Jeanette Li,2024-02-11,South
1831,Gary Wang,2025-10-26,West
1832,Jason Mitchell,2023-03-02,West
1833,Sarah Kaufman,2024-05-27,West
1834,Michael Solis,2023-12-31,East
1835,James Fuentes,2023-06-25,East
1836,Pamela Goodman,2024-12-03,South
1837,Douglas Brooks,2023-06-04,East
1838,Cheryl Medina,2024-01-24,East
1839,David Serrano,2023-05-20,South
1840,Holly Charles,2024-06-30,North
1841,Emily Wells,2024-10-30,East
1842,William Ortiz,2024-11-25,East
1843,Daniel Wong,2022-11-25,South
1844,Samantha Graham,2023-08-21,South
1845,Christopher Singleton,2023-08-27,North
1846,Tyler Hamilton,2024-09-18,North
1847,Lauren Armstrong,2025-03-11,West
1848,Gina Weaver,2024-03-14,North
1849,Kaitlyn Boone,2024-02-15,West
1850,Kimberly Grimes,2022-11-19,East
1851,Taylor Lopez,2023-03-28,East
1852,Shelby Miller,2025-09-02,West
1853,David Watkins,2023-12-15,East
1854,William Burke,2025-03-10,South
1855,Brian Flores,2025-01-28,West
1856,Joseph Miller,2025-07-02,South
1857,Abigail Jackson,2023-10-15,East
1858,Carla Osborne,2025-07-14,South
1859,John Blair,2025-04-28,North
1860,Billy Williams,2023-05-07,North
1861,Eric Armstrong,2023-01-06,South
1862,Sylvia Knight,2024-01-25,South
1863,James Jenkins,2025-04-16,East
1864,Anne Mora,2024-06-17,North
1865,Kyle Burns,2023-01-23,North
1866,Dan Wilson,2025-10-09,West
1867,Paul Snyder,2025-02-02,West
1868,Javier Wang,2024-04-02,South
1869,Kim Cervantes,2024-03-27,West
1870,Andre Santos,2023-07-28,South
1871,Krista Wilson,2023-01-01,West
1872,Preston Martinez,2022-11-27,South
1873,Margaret Rush,2023-07-09,South
1874,Kimberly Campbell MD,2025-05-23,North
1875,Christine Hoffman,2025-04-05,East
1876,Jason Solomon,2025-07-02,West
1877,Rhonda Kelley,2025-05-06,South
1878,Danny Rice,2023-12-12,West
1879,Ashley Love,2025-10-22,East
1880,Marvin Gutierrez,2024-06-10,West
1881,Jacob Lutz,2025-08-11,South
1882,Sara Smith,2023-02-23,South
1883,Douglas Robinson,2024-02-12,East
1884,Jeffrey Nguyen,2024-01-07,North
1885,Luis Ayers,2024-08-27,East
1886,Jeremy Stephenson,2023-07-20,South
1887,David Holloway,2023-01-18,West
1888,Jon Smith,2025-01-16,West
1889,Barbara Nguyen,2023-03-21,North
1890,Alan Thomas,2024-12-21,West
1891,Dustin Pierce II,2025-05-22,South
1892,Samuel Ayala,2024-12-29,North
1893,Nancy Miller,2023-07-13,South
1894,Connor Rangel,2024-08-08,North
1895,Angela Robbins,2023-07-20,South
1896,Peter Hendrix,2023-07-15,North
1897,Stephanie Mason,2025-10-22,South
1898,Steven Reyes,2025-10-05,South
1899,Brian Owens,2025-07-21,East
1900,,2023-08-01,South
1901,Jeffery Ford,2025-05-22,East
1902,Jesus Todd,2025-10-05,South
1903,Amy Davis,2025-10-05,South
1904,Justin Morgan,2025-08-13,West
1905,John Yates,2024-09-30,West
1906,Jasmin Wall,2024-04-18,East
1907,Kelly Young,2025-03-26,West
1908,Christine Martinez,2023-02-08,West
1909,Gregory White DDS,2025-03-11,West
1910,Hayden Duran,2024-02-10,South
1911,Tricia Williams,2025-04-11,North
1912,Sarah Davis,2023-03-29,North
1913,Robert Davis,2023-08-27,East
1914,Gabriel Roman,2023-03-14,North
1915,Kimberly Lynn,2024-02-15,North
1916,Tammy Cole,2024-10-05,South
1917,Sarah Leonard,2025-06-02,South
1918,William Richard,2024-02-16,North
1919,Mary Collins,2024-11-29,North
1920,Kimberly Goodman,2025-01-12,East
1921,Elizabeth Whitaker,2025-09-30,South
1922,Danielle Thomas,2024-10-07,South
1923,Antonio Butler,2025-05-10,South
1924,Melissa Rhodes,2025-02-18,East
1925,Kevin Franklin,2025-09-14,North
1926,Glen Vaughn,2025-05-07,West
1927,Amy Cantu,2025-02-06,West
1928,Shaun Guerrero,2022-12-05,West
1929,Jennifer Moore,2024-07-18,West
1930,Elizabeth Blair,2023-11-20,East
1931,Eduardo Edwards,2024-12-18,West
1932,Jamie Black,2024-07-03,East
1933,Natasha Armstrong,2025-04-21,North
1934,Jesse Robertson,2023-01-27,South
1935,Adam Downs,2025-01-19,West
1936,Amber Sandoval,2025-06-02,North
1937,William Turner,2023-09-05,South
1938,Steven Coleman,2023-12-30,East
1939,Philip Hernandez,2023-03-24,West
1940,Troy Stewart,2022-12-19,West
1941,Kayla Lopez,2023-02-08,North
1942,Nicholas Morgan,2022-12-13,North
1943,Cassandra Clayton,2023-05-11,South
1944,Stephanie Romero,2023-07-09,North
1945,Matthew Ferrell,2024-05-15,South
1946,Gregory Thompson,2023-01-22,North
1947,Raymond Mann,2024-06-07,South
1948,John Guzman,2022-11-23,North
1949,Kristin Mills,2024-10-13,North
1950,Chelsea Parker,2023-12-15,West
1951,Erin Wong,2024-02-18,East
1952,Christian Villegas,2025-09-09,North
1953,Tyler Boone,2023-11-18,South
1954,Shawn Page,2024-06-15,West
1955,Sarah Yu,2023-07-26,South
1956,Connie Scott,2025-06-25,South
1957,Collin Craig,2025-07-09,East
1958,Blake Rodriguez,2024-10-10,North
1959,Amy Smith,2023-09-11,South
1960,John Stephens,2025-06-23,West
1961,Alexandria Keith,2024-01-22,South
1962,Jason Wilson,2024-05-04,South
1963,Steven Baker,2024-05-27,West
1964,Devin Winters,2023-03-14,North
1965,Brandon Hill,2023-05-22,South
1966,Bryan Burton,2024-08-02,North
1967,William Roberson,2024-07-27,West
1968,Kerry Dyer,2023-12-12,West
1969,Kenneth Jordan,2025-07-12,South
1970,Cindy Reyes,2024-05-04,West
1971,Gina Smith,2024-11-19,North
1972,Sharon Greene,2023-04-15,North
1973,Elizabeth Smith,2023-12-08,West
1974,Timothy Phillips,2025-05-25,East
1975,Elizabeth Brennan,2025-10-28,West
1976,Richard Farley,2022-11-16,East
1977,Duane Mendoza,NULL,North
1978,Anthony Peterson,2025-05-03,North
1979,Rodney Miller,2025-03-21,South
1980,Shannon Doyle,2023-01-31,West
1981,Pedro Fischer,2025-06-14,West
1982,Charles Wells,2025-05-08,South
1983,Jessica Ellis,2023-04-24,West
1984,Christine Johnson,2023-10-31,North
1985,John Freeman,2025-03-07,West
1986,Lance Pitts,2023-08-01,East
1987,Jessica Holloway,2023-03-31,South
1988,Shannon Smith,2024-06-27,North
1989,Adam Lopez,2025-06-01,North
1990,Stephen Allen,2024-07-11,North
1991,Nicole Rivers,2023-05-04,East
1992,Mrs. Candice Guzman,2023-12-02,South
1993,Andrew Martinez,2024-03-15,East
1994,Hailey Lee,2023-10-28,North
1995,Chloe Wilson,2025-05-20,East
1996,Brandon Martinez,2025-06-28,North
1997,Lindsay Osborne,2023-12-25,East
1998,Julia Bailey,2025-02-19,North
1999,Joy Lee,2025-08-26,West
2000,Emily Ford,2023-02-19,South
